timestamp,endpoint,status,response_ms
2026-06-08T00:04:12Z,/api/export,201,1489
2026-06-08T00:15:02Z,/api/orders,200,66
2026-06-08T00:15:12Z,/api/users,200,79
2026-06-08T00:28:17Z,/login,200,129
2026-06-08T00:37:04Z,/api/search,500,743
2026-06-08T00:40:38Z,/api/search,200,548
2026-06-08T00:44:21Z,/api/search,200,751
2026-06-08T00:47:11Z,/api/reports,200,833
2026-06-08T00:54:21Z,/api/orders,200,71
2026-06-08T01:18:24Z,/api/orders,201,151
2026-06-08T02:02:41Z,/api/orders,200,77
2026-06-08T02:21:10Z,/api/export,200,1320
2026-06-08T02:22:35Z,/api/users,200,69
2026-06-08T02:53:05Z,/api/search,200,399
2026-06-08T03:40:50Z,/api/orders,200,153
2026-06-08T03:48:42Z,/api/search,200,376
2026-06-08T03:53:57Z,/api/search,200,941
2026-06-08T04:00:22Z,/api/users,200,61
2026-06-08T04:07:00Z,/api/search,200,632
2026-06-08T04:10:48Z,/api/users,200,51
2026-06-08T04:32:37Z,/api/search,200,569
2026-06-08T04:37:45Z,/api/orders,200,89
2026-06-08T04:39:27Z,/api/search,200,288
2026-06-08T04:47:26Z,/api/export,201,1893
2026-06-08T04:48:14Z,/api/search,200,381
2026-06-08T04:54:04Z,/api/reports,200,541
2026-06-08T05:15:11Z,/api/export,200,2012
2026-06-08T05:49:34Z,/api/users,200,48
2026-06-08T05:50:19Z,/api/users,200,84
2026-06-08T06:10:40Z,/api/users,200,32
2026-06-08T06:34:53Z,/health,200,12
2026-06-08T06:59:12Z,/api/export,200,1545
2026-06-08T07:52:28Z,/health,200,27
2026-06-08T07:53:58Z,/health,200,9
2026-06-08T07:57:54Z,/api/users,200,90
2026-06-08T08:13:53Z,/api/users,200,34
2026-06-08T08:24:43Z,/api/reports,200,572
2026-06-08T08:36:14Z,/login,200,142
2026-06-08T08:39:12Z,/health,200,16
2026-06-08T08:49:50Z,/api/orders,201,215
2026-06-08T09:15:19Z,/health,200,15
2026-06-08T09:25:45Z,/api/users,200,31
2026-06-08T09:29:43Z,/api/orders,200,52
2026-06-08T09:45:05Z,/api/export,201,133
2026-06-08T09:50:25Z,/api/search,200,748
2026-06-08T09:50:28Z,/api/users,200,51
2026-06-08T10:15:08Z,/api/orders,200,67
2026-06-08T10:45:05Z,/api/search,200,620
2026-06-08T10:50:03Z,/api/orders,200,91
2026-06-08T11:35:36Z,/api/search,200,700
2026-06-08T12:00:16Z,/login,200,51
2026-06-08T12:03:10Z,/api/export,200,1904
2026-06-08T12:26:02Z,/api/orders,200,93
2026-06-08T12:32:23Z,/health,200,20
2026-06-08T12:42:06Z,/login,200,146
2026-06-08T12:55:47Z,/login,404,161
2026-06-08T13:08:53Z,/api/orders,200,96
2026-06-08T13:09:09Z,/health,200,21
2026-06-08T13:14:53Z,/api/orders,200,42
2026-06-08T13:21:45Z,/api/orders,200,72
2026-06-08T13:28:24Z,/api/orders,200,84
2026-06-08T13:58:37Z,/api/orders,201,210
2026-06-08T14:03:10Z,/api/users,200,50
2026-06-08T14:11:10Z,/api/orders,200,194
2026-06-08T14:16:22Z,/api/export,200,5
2026-06-08T14:22:37Z,/api/orders,201,156
2026-06-08T14:55:18Z,/health,200,24
2026-06-08T15:20:15Z,/api/orders,201,147
2026-06-08T15:28:20Z,/api/search,200,723
2026-06-08T16:28:51Z,/api/search,500,584
2026-06-08T16:47:03Z,/api/search,200,309
2026-06-08T16:52:44Z,/api/export,200,1451
2026-06-08T16:58:29Z,/api/search,500,304
2026-06-08T17:25:13Z,/login,200,145
2026-06-08T17:29:00Z,/login,200,98
2026-06-08T18:06:32Z,/api/search,200,640
2026-06-08T18:06:51Z,/api/export,200,1153
2026-06-08T18:23:07Z,/api/export,200,1834
2026-06-08T18:32:10Z,/api/reports,200,930
2026-06-08T18:43:46Z,/api/export,201,1138
2026-06-08T18:47:48Z,/api/reports,200,1334
2026-06-08T18:49:06Z,/api/users,200,93
2026-06-08T19:38:32Z,/api/users,200,62
2026-06-08T20:27:08Z,/api/orders,200,90
2026-06-08T20:54:41Z,/api/export,200,948
2026-06-08T21:00:40Z,/api/reports,200,25
2026-06-08T21:01:15Z,/health,200,11
2026-06-08T21:23:34Z,/login,200,170
2026-06-08T21:24:54Z,/login,200,64
2026-06-08T21:40:25Z,/api/orders,200,170
2026-06-08T21:56:19Z,/api/export,201,1631
2026-06-08T22:06:00Z,/health,200,22
2026-06-08T22:08:33Z,/api/search,200,439
2026-06-08T22:10:05Z,/api/orders,200,97
2026-06-08T22:41:21Z,/login,200,118
2026-06-08T22:42:40Z,/api/orders,201,105
2026-06-08T23:13:37Z,/api/export,503,559
2026-06-08T23:16:12Z,/api/orders,200,92
2026-06-08T23:27:05Z,/api/export,200,927
2026-06-08T23:30:58Z,/api/reports,200,1082
2026-06-09T00:29:45Z,/api/users,200,66
2026-06-09T00:59:26Z,/api/reports,500,536
2026-06-09T01:02:19Z,/api/users,200,68
2026-06-09T01:16:55Z,/login,200,95
2026-06-09T01:42:57Z,/api/reports,200,791
2026-06-09T02:49:32Z,/api/search,200,606
2026-06-09T02:57:06Z,/api/search,200,987
2026-06-09T03:10:28Z,/api/users,200,55
2026-06-09T03:15:42Z,/api/reports,200,277
2026-06-09T03:25:23Z,/api/users,200,40
2026-06-09T03:25:25Z,/login,200,197
2026-06-09T03:35:48Z,/api/users,200,95
2026-06-09T04:30:42Z,/api/orders,200,104
2026-06-09T05:40:42Z,/health,200,23
2026-06-09T05:46:00Z,/api/export,201,5
2026-06-09T06:38:32Z,/login,200,133
2026-06-09T06:42:21Z,/login,200,150
2026-06-09T06:44:43Z,/api/search,200,488
2026-06-09T06:52:34Z,/api/search,200,423
2026-06-09T07:33:26Z,/health,200,15
2026-06-09T08:05:41Z,/api/export,200,560
2026-06-09T08:35:08Z,/api/orders,200,121
2026-06-09T08:48:50Z,/api/orders,200,74
2026-06-09T08:50:50Z,/api/users,200,30
2026-06-09T08:58:52Z,/api/export,201,1388
2026-06-09T10:01:13Z,/api/orders,200,80
2026-06-09T10:07:15Z,/api/users,200,25
2026-06-09T10:15:26Z,/health,200,17
2026-06-09T10:22:57Z,/api/orders,201,138
2026-06-09T10:26:44Z,/api/users,200,47
2026-06-09T10:45:11Z,/api/reports,200,951
2026-06-09T10:49:10Z,/login,404,112
2026-06-09T11:08:47Z,/api/export,201,1369
2026-06-09T11:19:21Z,/api/users,200,67
2026-06-09T11:19:46Z,/login,200,111
2026-06-09T11:25:32Z,/api/users,200,46
2026-06-09T11:56:24Z,/health,200,12
2026-06-09T12:38:03Z,/api/orders,500,58
2026-06-09T13:17:26Z,/api/users,200,64
2026-06-09T14:13:58Z,/api/users,200,57
2026-06-09T14:18:16Z,/api/export,200,1840
2026-06-09T14:21:35Z,/api/orders,200,38
2026-06-09T14:58:03Z,/api/export,201,765
2026-06-09T15:02:05Z,/api/export,500,2033
2026-06-09T15:40:38Z,/api/users,200,42
2026-06-09T16:04:50Z,/api/reports,200,514
2026-06-09T16:15:26Z,/api/users,200,135
2026-06-09T16:24:26Z,/login,200,75
2026-06-09T16:29:17Z,/api/search,200,505
2026-06-09T17:02:22Z,/api/export,200,1814
2026-06-09T17:03:37Z,/login,200,53
2026-06-09T17:08:24Z,/api/users,200,41
2026-06-09T17:25:33Z,/api/users,200,50
2026-06-09T17:40:37Z,/login,200,79
2026-06-09T17:41:03Z,/api/search,200,377
2026-06-09T18:20:51Z,/api/orders,201,162
2026-06-09T18:46:42Z,/api/users,200,11
2026-06-09T19:09:48Z,/api/reports,200,1034
2026-06-09T19:16:20Z,/api/reports,200,1169
2026-06-09T19:20:58Z,/api/orders,200,144
2026-06-09T19:43:50Z,/api/orders,200,96
2026-06-09T19:45:05Z,/health,200,7
2026-06-09T19:54:40Z,/api/reports,200,1441
2026-06-09T20:11:38Z,/api/search,200,653
2026-06-09T20:12:39Z,/login,200,203
2026-06-09T20:19:39Z,/api/export,201,925
2026-06-09T20:39:58Z,/api/search,200,596
2026-06-09T20:43:58Z,/api/users,200,11
2026-06-09T20:46:41Z,/api/orders,201,143
2026-06-09T20:55:48Z,/api/export,200,836
2026-06-09T21:15:02Z,/health,200,13
2026-06-09T21:34:40Z,/login,200,59
2026-06-09T21:37:52Z,/login,200,103
2026-06-09T21:39:46Z,/api/orders,201,87
2026-06-09T21:42:05Z,/health,200,18
2026-06-09T21:42:22Z,/api/users,200,36
2026-06-09T21:48:38Z,/api/reports,200,1241
2026-06-09T21:53:55Z,/api/users,200,27
2026-06-09T21:56:35Z,/api/export,200,495
2026-06-09T22:00:10Z,/api/orders,200,27
2026-06-09T22:04:05Z,/api/export,201,1210
2026-06-09T22:28:28Z,/api/orders,200,56
2026-06-09T22:41:11Z,/login,200,152
2026-06-09T22:45:31Z,/api/export,201,1863
2026-06-09T22:59:30Z,/api/search,200,958
2026-06-09T23:29:41Z,/login,200,150
2026-06-09T23:36:20Z,/api/export,201,1255
2026-06-09T23:40:01Z,/api/users,200,37
2026-06-10T00:11:55Z,/login,200,187
2026-06-10T00:27:05Z,/api/orders,200,57
2026-06-10T00:31:08Z,/api/orders,200,49
2026-06-10T00:40:17Z,/health,200,10
2026-06-10T00:45:55Z,/api/export,201,759
2026-06-10T00:53:42Z,/api/export,200,2127
2026-06-10T01:00:19Z,/api/orders,200,198
2026-06-10T01:14:18Z,/api/search,200,604
2026-06-10T01:25:03Z,/health,200,18
2026-06-10T01:39:40Z,/api/search,200,656
2026-06-10T01:51:30Z,/api/orders,200,105
2026-06-10T01:55:41Z,/api/export,200,1583
2026-06-10T01:59:04Z,/api/search,200,1112
2026-06-10T02:25:57Z,/api/search,200,478
2026-06-10T02:30:01Z,/health,200,28
2026-06-10T02:37:42Z,/api/orders,201,267
2026-06-10T03:05:00Z,/login,200,53
2026-06-10T03:08:05Z,/login,200,62
2026-06-10T03:35:43Z,/api/users,200,59
2026-06-10T03:36:43Z,/api/export,201,1980
2026-06-10T03:43:14Z,/health,200,17
2026-06-10T03:50:06Z,/api/users,200,27
2026-06-10T04:06:24Z,/login,200,113
2026-06-10T04:08:34Z,/api/orders,200,134
2026-06-10T04:10:46Z,/api/export,201,2185
2026-06-10T04:24:55Z,/login,200,66
2026-06-10T04:28:04Z,/login,200,29
2026-06-10T04:42:33Z,/api/reports,200,860
2026-06-10T05:25:43Z,/api/search,200,519
2026-06-10T05:29:58Z,/health,200,22
2026-06-10T05:31:13Z,/api/search,200,450
2026-06-10T05:36:15Z,/api/users,200,22
2026-06-10T05:51:39Z,/api/orders,200,59
2026-06-10T05:53:57Z,/login,200,103
2026-06-10T06:02:50Z,/api/orders,200,151
2026-06-10T06:15:44Z,/api/orders,200,79
2026-06-10T06:24:54Z,/api/search,200,625
2026-06-10T07:29:07Z,/api/users,200,76
2026-06-10T08:45:28Z,/api/users,200,31
2026-06-10T09:15:06Z,/api/export,503,1307
2026-06-10T09:19:17Z,/api/orders,200,110
2026-06-10T09:20:07Z,/api/orders,503,176
2026-06-10T09:28:38Z,/login,200,108
2026-06-10T09:41:03Z,/api/export,200,1165
2026-06-10T09:47:44Z,/health,200,25
2026-06-10T10:28:17Z,/health,200,18
2026-06-10T10:35:48Z,/api/search,200,396
2026-06-10T10:38:44Z,/api/orders,201,100
2026-06-10T11:16:37Z,/health,200,19
2026-06-10T11:39:14Z,/api/users,200,69
2026-06-10T11:46:52Z,/api/reports,200,1000
2026-06-10T11:54:29Z,/api/users,200,74
2026-06-10T12:15:28Z,/api/orders,200,101
2026-06-10T12:23:07Z,/health,200,12
2026-06-10T12:29:36Z,/api/users,200,82
2026-06-10T13:07:18Z,/api/users,200,35
2026-06-10T13:20:50Z,/health,200,14
2026-06-10T13:25:24Z,/api/export,201,1209
2026-06-10T13:47:07Z,/login,404,29
2026-06-10T14:02:46Z,/api/search,200,88
2026-06-10T14:04:45Z,/api/reports,200,1515
2026-06-10T14:15:48Z,/api/users,200,41
2026-06-10T14:29:16Z,/api/orders,200,78
2026-06-10T14:45:59Z,/api/orders,200,96
2026-06-10T14:46:33Z,/api/export,201,1593
2026-06-10T14:48:04Z,/login,200,72
2026-06-10T15:12:14Z,/api/reports,200,1069
2026-06-10T15:15:51Z,/api/export,201,1335
2026-06-10T15:22:48Z,/api/orders,201,192
2026-06-10T15:44:53Z,/api/orders,200,70
2026-06-10T16:14:07Z,/api/orders,200,116
2026-06-10T17:00:54Z,/api/search,200,725
2026-06-10T17:05:08Z,/login,200,99
2026-06-10T17:16:08Z,/health,200,11
2026-06-10T17:26:48Z,/api/users,200,68
2026-06-10T17:30:37Z,/api/users,200,47
2026-06-10T17:33:23Z,/login,200,147
2026-06-10T17:36:08Z,/api/export,201,816
2026-06-10T17:39:03Z,/health,200,17
2026-06-10T17:59:37Z,/api/orders,200,64
2026-06-10T18:27:36Z,/api/users,200,47
2026-06-10T18:32:20Z,/api/search,200,689
2026-06-10T18:37:42Z,/api/export,200,1132
2026-06-10T19:08:38Z,/api/orders,200,102
2026-06-10T19:30:12Z,/login,200,112
2026-06-10T19:40:37Z,/api/orders,201,189
2026-06-10T19:44:56Z,/login,200,236
2026-06-10T20:05:14Z,/api/orders,201,168
2026-06-10T20:45:57Z,/api/export,200,1960
2026-06-10T21:06:30Z,/api/export,500,1394
2026-06-10T21:08:46Z,/health,200,23
2026-06-10T21:22:45Z,/api/users,200,11
2026-06-10T21:40:41Z,/health,200,10
2026-06-10T22:11:49Z,/api/orders,201,297
2026-06-10T22:12:17Z,/api/orders,200,59
2026-06-10T22:18:18Z,/api/orders,201,118
2026-06-10T22:26:18Z,/api/reports,200,504
2026-06-10T22:29:17Z,/login,200,129
2026-06-10T22:42:25Z,/api/users,200,14
2026-06-10T22:44:38Z,/api/orders,500,176
2026-06-10T22:57:51Z,/api/orders,200,102
2026-06-10T23:28:49Z,/api/orders,201,79
2026-06-10T23:55:22Z,/login,200,151
2026-06-11T00:00:34Z,/api/search,200,893
2026-06-11T00:05:18Z,/api/search,200,526
2026-06-11T00:18:26Z,/login,200,208
2026-06-11T00:22:19Z,/health,200,5
2026-06-11T00:24:43Z,/health,200,7
2026-06-11T00:27:12Z,/api/search,200,656
2026-06-11T00:33:06Z,/api/export,500,894
2026-06-11T01:17:55Z,/api/orders,201,180
2026-06-11T01:18:57Z,/api/search,200,1117
2026-06-11T01:36:55Z,/login,200,30
2026-06-11T01:55:54Z,/api/export,200,490
2026-06-11T02:14:24Z,/api/orders,200,195
2026-06-11T02:20:16Z,/api/orders,200,52
2026-06-11T02:28:38Z,/health,200,9
2026-06-11T02:30:22Z,/health,200,5
2026-06-11T02:36:40Z,/health,200,21
2026-06-11T02:38:02Z,/api/search,200,568
2026-06-11T02:40:50Z,/health,200,21
2026-06-11T02:51:54Z,/api/orders,404,165
2026-06-11T03:00:06Z,/login,200,79
2026-06-11T03:15:27Z,/api/users,200,36
2026-06-11T03:18:26Z,/api/orders,200,60
2026-06-11T03:24:16Z,/login,200,98
2026-06-11T03:48:40Z,/api/users,200,71
2026-06-11T03:51:46Z,/api/search,200,884
2026-06-11T03:56:26Z,/api/search,200,335
2026-06-11T04:02:39Z,/api/export,200,2372
2026-06-11T04:08:26Z,/api/export,201,953
2026-06-11T04:26:44Z,/login,200,90
2026-06-11T04:39:34Z,/api/orders,503,207
2026-06-11T04:39:38Z,/api/export,201,2540
2026-06-11T04:40:19Z,/health,200,16
2026-06-11T04:41:43Z,/api/orders,201,184
2026-06-11T05:08:17Z,/api/orders,201,215
2026-06-11T05:12:08Z,/login,200,139
2026-06-11T05:43:04Z,/api/export,200,1373
2026-06-11T05:43:37Z,/health,200,16
2026-06-11T05:46:33Z,/api/orders,201,49
2026-06-11T05:59:58Z,/api/orders,503,114
2026-06-11T06:32:07Z,/api/users,200,38
2026-06-11T06:45:21Z,/api/reports,200,193
2026-06-11T07:16:13Z,/api/orders,200,252
2026-06-11T07:17:27Z,/api/reports,200,490
2026-06-11T07:34:15Z,/api/export,201,1030
2026-06-11T08:12:07Z,/api/orders,200,86
2026-06-11T08:21:39Z,/api/users,200,78
2026-06-11T08:33:04Z,/login,200,96
2026-06-11T08:48:15Z,/api/search,200,528
2026-06-11T09:31:01Z,/api/search,200,392
2026-06-11T09:41:03Z,/api/reports,200,972
2026-06-11T10:01:24Z,/health,200,6
2026-06-11T10:11:31Z,/api/search,200,355
2026-06-11T10:21:48Z,/api/reports,200,1154
2026-06-11T10:43:38Z,/health,200,11
2026-06-11T10:53:39Z,/api/orders,200,102
2026-06-11T11:09:17Z,/api/reports,200,1061
2026-06-11T11:16:47Z,/api/orders,404,69
2026-06-11T11:25:29Z,/api/reports,200,539
2026-06-11T11:32:37Z,/api/search,200,21
2026-06-11T11:34:24Z,/api/search,200,124
2026-06-11T11:37:31Z,/api/reports,200,1509
2026-06-11T12:00:02Z,/health,200,13
2026-06-11T12:05:43Z,/api/search,200,690
2026-06-11T12:54:22Z,/api/export,200,2156
2026-06-11T12:57:49Z,/api/reports,200,661
2026-06-11T13:09:19Z,/login,200,121
2026-06-11T13:21:34Z,/api/users,200,69
2026-06-11T13:30:29Z,/api/orders,201,172
2026-06-11T13:41:56Z,/health,200,22
2026-06-11T13:45:53Z,/health,200,20
2026-06-11T13:50:43Z,/health,200,10
2026-06-11T14:14:34Z,/api/orders,200,87
2026-06-11T14:32:23Z,/api/users,200,69
2026-06-11T14:35:47Z,/api/orders,200,136
2026-06-11T14:42:37Z,/api/users,200,88
2026-06-11T14:46:26Z,/api/orders,200,95
2026-06-11T14:48:36Z,/api/orders,201,97
2026-06-11T14:56:14Z,/api/reports,200,482
2026-06-11T15:06:27Z,/api/orders,200,107
2026-06-11T15:09:36Z,/api/reports,200,696
2026-06-11T15:20:37Z,/login,404,151
2026-06-11T15:35:48Z,/api/reports,200,955
2026-06-11T16:01:55Z,/api/export,201,767
2026-06-11T16:18:40Z,/api/orders,200,83
2026-06-11T16:23:01Z,/api/users,200,89
2026-06-11T16:26:34Z,/api/orders,200,118
2026-06-11T16:38:27Z,/api/export,404,1889
2026-06-11T16:40:20Z,/api/export,201,1677
2026-06-11T17:25:35Z,/api/users,200,55
2026-06-11T17:30:03Z,/api/search,200,414
2026-06-11T17:31:03Z,/api/orders,201,170
2026-06-11T17:33:22Z,/login,200,81
2026-06-11T18:02:38Z,/login,200,145
2026-06-11T18:03:35Z,/health,200,18
2026-06-11T18:04:08Z,/health,200,10
2026-06-11T18:35:22Z,/api/export,500,1806
2026-06-11T18:41:12Z,/api/orders,200,61
2026-06-11T18:47:49Z,/api/orders,201,158
2026-06-11T18:53:15Z,/api/reports,200,1002
2026-06-11T19:38:03Z,/api/users,200,57
2026-06-11T19:43:45Z,/api/orders,200,82
2026-06-11T19:49:59Z,/api/orders,200,101
2026-06-11T20:01:03Z,/api/export,201,1367
2026-06-11T20:11:51Z,/api/search,200,682
2026-06-11T20:16:29Z,/api/reports,200,1549
2026-06-11T20:19:46Z,/api/orders,200,129
2026-06-11T20:31:36Z,/api/export,200,546
2026-06-11T20:59:56Z,/api/orders,201,120
2026-06-11T21:08:15Z,/api/orders,200,68
2026-06-11T21:46:15Z,/api/users,200,45
2026-06-11T22:18:32Z,/api/orders,201,235
2026-06-11T22:19:44Z,/api/users,200,11
2026-06-11T22:35:58Z,/login,200,140
2026-06-11T22:58:28Z,/api/users,200,88
2026-06-11T22:58:51Z,/login,200,204
2026-06-11T23:03:18Z,/login,200,92
2026-06-11T23:06:20Z,/health,200,12
2026-06-11T23:08:50Z,/login,200,110
2026-06-11T23:37:17Z,/api/search,200,241
2026-06-11T23:41:47Z,/api/export,200,1343
2026-06-11T23:44:28Z,/api/users,200,86
2026-06-11T23:54:15Z,/api/export,404,1903
2026-06-12T00:24:50Z,/api/reports,200,1151
2026-06-12T00:46:29Z,/api/orders,200,103
2026-06-12T00:50:48Z,/api/users,200,76
2026-06-12T00:59:19Z,/api/users,200,79
2026-06-12T01:22:32Z,/api/export,503,1217
2026-06-12T01:22:34Z,/api/users,200,40
2026-06-12T01:44:54Z,/api/users,200,52
2026-06-12T01:48:48Z,/api/export,201,676
2026-06-12T01:53:07Z,/health,200,13
2026-06-12T01:59:57Z,/api/users,200,65
2026-06-12T03:03:53Z,/api/users,200,72
2026-06-12T03:17:49Z,/api/users,200,89
2026-06-12T03:18:05Z,/api/users,200,52
2026-06-12T03:57:33Z,/login,200,133
2026-06-12T03:59:31Z,/api/reports,200,892
2026-06-12T04:15:12Z,/api/users,200,59
2026-06-12T04:17:02Z,/api/orders,200,109
2026-06-12T04:24:12Z,/api/search,200,20
2026-06-12T04:50:13Z,/api/orders,200,83
2026-06-12T04:55:16Z,/api/reports,503,1197
2026-06-12T05:04:19Z,/api/orders,200,26
2026-06-12T05:21:35Z,/api/orders,201,117
2026-06-12T05:31:18Z,/api/orders,201,121
2026-06-12T05:46:28Z,/api/orders,500,130
2026-06-12T05:46:52Z,/api/orders,201,182
2026-06-12T06:27:06Z,/api/search,200,582
2026-06-12T06:37:13Z,/api/users,200,64
2026-06-12T06:51:09Z,/api/users,200,33
2026-06-12T06:53:51Z,/api/orders,201,142
2026-06-12T07:41:04Z,/login,200,47
2026-06-12T07:41:09Z,/api/users,200,12
2026-06-12T07:58:16Z,/api/users,200,64
2026-06-12T09:04:24Z,/login,200,123
2026-06-12T09:30:52Z,/api/search,500,398
2026-06-12T09:50:57Z,/health,200,14
2026-06-12T09:54:05Z,/login,200,146
2026-06-12T10:10:25Z,/login,200,117
2026-06-12T10:45:47Z,/api/export,201,1478
2026-06-12T11:03:03Z,/api/reports,200,1147
2026-06-12T11:49:13Z,/api/users,200,14
2026-06-12T12:14:54Z,/api/reports,200,987
2026-06-12T12:15:32Z,/api/reports,200,989
2026-06-12T12:20:40Z,/login,200,125
2026-06-12T12:22:59Z,/api/reports,200,766
2026-06-12T12:26:38Z,/login,200,122
2026-06-12T12:28:58Z,/api/reports,200,1597
2026-06-12T12:49:22Z,/api/orders,201,220
2026-06-12T13:10:03Z,/api/orders,200,210
2026-06-12T13:17:02Z,/api/search,200,653
2026-06-12T13:24:00Z,/api/search,200,660
2026-06-12T14:09:38Z,/api/search,200,616
2026-06-12T14:26:03Z,/api/orders,200,45
2026-06-12T14:26:17Z,/api/search,200,430
2026-06-12T14:29:49Z,/login,200,76
2026-06-12T15:16:02Z,/health,200,18
2026-06-12T16:13:09Z,/api/users,200,61
2026-06-12T16:30:35Z,/api/reports,200,947
2026-06-12T16:38:18Z,/api/export,200,1248
2026-06-12T17:09:10Z,/api/reports,200,722
2026-06-12T17:13:41Z,/api/export,201,1400
2026-06-12T17:32:50Z,/api/users,200,37
2026-06-12T17:39:09Z,/api/users,200,34
2026-06-12T17:47:38Z,/login,200,24
2026-06-12T18:01:11Z,/api/orders,200,173
2026-06-12T18:14:46Z,/api/export,503,1279
2026-06-12T18:15:45Z,/api/orders,200,40
2026-06-12T19:03:00Z,/api/orders,200,82
2026-06-12T19:12:29Z,/api/search,200,377
2026-06-12T19:25:37Z,/api/export,201,2859
2026-06-12T19:44:08Z,/api/export,200,2182
2026-06-12T19:47:45Z,/api/orders,200,160
2026-06-12T19:57:30Z,/login,200,59
2026-06-12T20:01:31Z,/health,200,19
2026-06-12T20:10:28Z,/api/orders,200,92
2026-06-12T20:22:19Z,/api/search,200,466
2026-06-12T20:24:25Z,/api/reports,200,1243
2026-06-12T21:15:31Z,/health,200,11
2026-06-12T21:53:44Z,/api/orders,200,101
2026-06-12T22:11:12Z,/api/users,200,98
2026-06-12T22:13:25Z,/api/reports,200,310
2026-06-12T22:22:55Z,/api/reports,200,1329
2026-06-12T22:53:40Z,/api/users,200,47
2026-06-12T23:06:48Z,/api/orders,200,5
2026-06-12T23:20:12Z,/login,200,216
2026-06-12T23:31:53Z,/api/orders,200,67
2026-06-12T23:36:00Z,/api/export,201,1329
2026-06-12T23:46:09Z,/health,200,6
